{"lr": [0.7283951, 0.7404509, 0.7356202900000001, 0.7284668, 0.7380993, 0.7333351499999999, 0.7205415, 0.7391527, 0.73082691, 0.7253574, 0.7356168, 0.7300937999999999, 0.7229961, 0.7319106, 0.7279764799999999, 0.723197, 0.7358269, 0.72909351, 0.7213033, 0.7345612, 0.72805844, 0.7259644, 0.7361809, 0.73256583, 0.7195092, 0.7323036, 0.72700706, 0.7297638, 0.7380391, 0.73329369], "dt": [0.7155163, 0.7302756, 0.7228527899999999, 0.7131402, 0.7292411, 0.72196177, 0.7116812, 0.7299798, 0.72158567, 0.7145277, 0.7347284, 0.72491266, 0.7161535, 0.7269865, 0.72122274, 0.706854, 0.7300148, 0.7196570499999999, 0.7179109, 0.7320787, 0.7254654500000001, 0.7177804, 0.736281, 0.72706639, 0.712886, 0.7263303, 0.7191196200000001, 0.7138637, 0.7298275, 0.7202852900000001], "rf": [0.7937279, 0.8089546, 0.80234304, 0.7956331, 0.8104217, 0.8018098200000001, 0.7963588, 0.8084804, 0.80201137, 0.7931774, 0.8094947, 0.8011964599999999, 0.796728, 0.8046465, 0.80095249, 0.7931211, 0.8103923, 0.79989508, 0.7912849, 0.8101496, 0.8031904699999999, 0.7953731, 0.8109917, 0.80298023, 0.7937966, 0.8077701, 0.8002431699999999, 0.7932377, 0.8059913, 0.8006866800000001], "cb": [0.8029572, 0.815036, 0.81021121, 0.8041965, 0.8190181, 0.81011729, 0.8022739, 0.8172463, 0.8109095100000001, 0.8043997, 0.8157162, 0.8100962899999999, 0.805484, 0.8158949, 0.81034463, 0.8026603, 0.8156976, 0.8089607900000001, 0.8047117, 0.8167593, 0.81183355, 0.8056852, 0.818548, 0.81242318, 0.8007849, 0.8138129, 0.80878057, 0.8055959, 0.8135385, 0.8104557399999999], "xgb": [0.7969909, 0.8075301, 0.80335166, 0.7991284, 0.8106374, 0.8045630100000001, 0.797391, 0.8110016, 0.8049123, 0.7990446, 0.8095781, 0.8050714300000001, 0.8002893, 0.8089054, 0.80424669, 0.7963193, 0.8118096, 0.80410323, 0.7988476, 0.8130735, 0.8066838900000001, 0.7976879, 0.8161537, 0.80667056, 0.7926296, 0.807402, 0.80312689, 0.7989627, 0.8075185, 0.80356059], "lgbm": [0.7979881, 0.8145872, 0.80834638, 0.8035603, 0.814252, 0.8088451800000002, 0.7988, 0.8136113, 0.80833595, 0.8011623, 0.8154162, 0.80834487, 0.8028386, 0.8128781, 0.80789251, 0.8007449, 0.8134305, 0.8077930999999999, 0.7998761, 0.8148606, 0.8093403400000001, 0.8050119, 0.8164147, 0.8109780799999999, 0.7964109, 0.8129798, 0.8068917499999999, 0.8009101, 0.8125513, 0.8078805600000001]}